{
  "experiment_id": "ces_experiment_2025-11-24_163237",
  "context_mode": "adaptive",
  "challenge_mode": "adaptive",
  "rounds": [
    {
      "round_number": 1,
      "regime": "ENGAGED_HARMONY",
      "raw_metrics": {
        "engagement": 0.7066847029647164,
        "voice_valence": 1.0,
        "stance_valence": 1.0,
        "justificatory_pct": 0.5833333333333334
      },
      "ema_metrics": {
        "engagement": 0.5723396460376508,
        "voice_valence": 0.35,
        "stance_valence": 0.675,
        "justificatory_pct": 0.46416666666666667
      },
      "collapse_type": "none",
      "divergence_injected": null
    },
    {
      "round_number": 2,
      "regime": "UNKNOWN",
      "raw_metrics": {
        "engagement": 0.7675582241630275,
        "voice_valence": -0.7142857142857143,
        "stance_valence": 1.0,
        "justificatory_pct": 0.75
      },
      "ema_metrics": {
        "engagement": 0.6406661483815326,
        "voice_valence": -0.02250000000000002,
        "stance_valence": 0.7887500000000001,
        "justificatory_pct": 0.5642083333333333
      },
      "collapse_type": "none",
      "divergence_injected": null
    },
    {
      "round_number": 3,
      "regime": "UNKNOWN",
      "raw_metrics": {
        "engagement": 0.7765684669939991,
        "voice_valence": -0.3333333333333333,
        "stance_valence": 1.0,
        "justificatory_pct": 0.6666666666666666
      },
      "ema_metrics": {
        "engagement": 0.6882319598958959,
        "voice_valence": -0.13129166666666667,
        "stance_valence": 0.8626875,
        "justificatory_pct": 0.6000687499999999
      },
      "collapse_type": "none",
      "divergence_injected": null
    }
  ],
  "divergence_log": []
}