{
  "experiment_id": "ces_experiment_2025-11-24_102608",
  "context_mode": "adaptive",
  "challenge_mode": "adaptive",
  "rounds": [
    {
      "round_number": 1,
      "regime": "UNKNOWN",
      "raw_metrics": {
        "engagement": 0.6121527777777778,
        "voice_valence": 0.7142857142857143,
        "stance_valence": 1.0,
        "justificatory_pct": 0.6666666666666666
      },
      "ema_metrics": {
        "engagement": 0.5392534722222222,
        "voice_valence": 0.25,
        "stance_valence": 0.675,
        "justificatory_pct": 0.4933333333333333
      },
      "collapse_type": "none",
      "divergence_injected": null
    },
    {
      "round_number": 2,
      "regime": "STIMULATED_DIALOGUE",
      "raw_metrics": {
        "engagement": 0.7983917288914416,
        "voice_valence": 0.3333333333333333,
        "stance_valence": 1.0,
        "justificatory_pct": 0.6666666666666666
      },
      "ema_metrics": {
        "engagement": 0.629951862056449,
        "voice_valence": 0.2791666666666667,
        "stance_valence": 0.7887500000000001,
        "justificatory_pct": 0.5539999999999999
      },
      "collapse_type": "none",
      "divergence_injected": null
    },
    {
      "round_number": 3,
      "regime": "STIMULATED_DIALOGUE",
      "raw_metrics": {
        "engagement": 0.6236651663577796,
        "voice_valence": 0.0,
        "stance_valence": 1.0,
        "justificatory_pct": 0.3333333333333333
      },
      "ema_metrics": {
        "engagement": 0.6277515185619147,
        "voice_valence": 0.18145833333333333,
        "stance_valence": 0.8626875,
        "justificatory_pct": 0.4767666666666666
      },
      "collapse_type": "none",
      "divergence_injected": null
    }
  ],
  "divergence_log": []
}